,Gene 1,Gene 2,Target
0,0.5981315630670747,0.7962149582491249,0.0
1,0.38487260541042123,0.7371434794518767,0.0
2,0.8139481328124689,0.7034312245754542,1.0
3,0.8886266308868243,0.8301194529495239,0.0
4,0.2739097617472992,0.018858697967521598,0.0
5,0.33781036468126713,0.6720110970574673,1.0
6,0.6887966462797042,0.8912843591958574,0.0
7,0.44447880588452615,0.6213386454448231,0.0
8,0.23719891694397133,0.3820469424882159,1.0
9,0.1678626455369686,0.6211500047763082,0.0
10,0.8834258958077978,0.6955594285269635,0.0
11,0.6003303024955381,0.5736510403657638,0.0
12,0.2927855889718237,0.5768104273869809,0.0
13,0.26513788968120755,0.4823114878347361,0.0
14,0.038952298378747474,0.8151580318219038,0.0
15,0.6835273644712764,0.8349167766798965,0.0
16,0.9320089529805483,0.16976214308418514,0.0
17,0.35609170030328174,0.6769785064306632,0.0
18,0.0715679065734326,0.7931806878572577,0.0
19,0.8240742108187105,0.3623355376648568,0.0
20,0.7597683148773132,0.6612812151222419,0.0
21,0.6413897290306754,0.27490304836743695,0.0
22,0.8118077439969243,0.010332857338006152,0.0
23,0.7294186127055946,0.17473373715289486,0.0
24,0.07817981347300629,0.8116317852346441,0.0
25,0.4741062149271955,0.10722735761688862,0.0
26,0.1670318625896713,0.7209869055816563,0.0
27,0.2843751198026965,0.018625239902743007,0.0
28,0.34495645341174874,0.3110873648727135,0.0
29,0.15266050770954465,0.14389193996293148,0.0
30,0.17138630728349113,0.8352041380326879,0.0
31,0.4009009499201184,0.00708866032369837,0.0
32,0.8319493465184151,0.23010901459144828,0.0
33,0.5225469217000933,0.7735427511018894,0.0
34,0.28155158090744425,0.3071361685099846,0.0
35,0.029048978692326144,0.7356530796952684,0.0
36,0.6814875309819219,0.6220801999256016,0.0
37,0.23987664654331997,0.4307545849273967,0.0
38,0.7100975676834721,0.4236156301059605,0.0
39,0.6252056745602237,0.389139795557626,0.0
40,0.16759325290003557,0.4641281003333413,0.0
41,0.8419784679654152,0.464406876112072,0.0
42,0.6737905469377075,0.17965495101870255,0.0
43,0.2483944128879636,0.7379395431912286,0.0
44,0.4178998919289071,0.09903052174488036,0.0
45,0.08195665025208099,0.31859064425151684,0.0
46,0.37604518950264054,0.5134502545628287,0.0
47,0.007838780759185315,0.7078812842987614,0.0
48,0.6146811247780375,0.41349757151176125,0.0
49,0.9055005956720275,0.3708109689575384,1.0
50,0.23563263273875235,0.37984344718472784,0.0
51,0.25486897582247625,0.15876421419888387,0.0
52,0.42998475634281996,0.11574953456516635,0.0
53,0.2639008126451491,0.1775880789984321,0.0
54,0.195732918795684,0.6327126628140884,0.0
55,0.8532609223833276,0.23704330421627562,0.0
56,0.4661418657261712,0.4951262782494842,1.0
57,0.043332657561353294,0.31853242745414945,0.0
58,0.06022744421388937,0.5999449401238524,0.0
59,0.797979766669872,0.23199580699130817,0.0
60,0.12607673003707986,0.2598447410139908,0.0
61,0.8632275870351946,0.8961678250425873,0.0
62,0.9427221457528738,0.961169988756279,0.0
63,0.9456432236743414,0.9169893965845611,1.0
64,0.9721665082867884,0.6292628287886747,0.0
65,0.7825704635549682,0.18038778555305257,0.0
66,0.39600002420604496,0.29003567963017796,0.0
67,0.30152864756258,0.006918475327427842,0.0
68,0.6502974466966603,0.21328107798948692,0.0
69,0.8558002607946799,0.7996125117457584,0.0
70,0.7548319633435369,0.0327751480728079,0.0
71,0.5562234914866815,0.9060266049384859,0.0
72,0.9700697025823327,0.9733682916819134,0.0
73,0.38600881071704174,0.1625443168854186,0.0
74,0.39008250059511784,0.8023919260918538,0.0
75,0.3554815827134007,0.9991915586348115,0.0
76,0.14259265731997428,0.1872804087647798,0.0
77,0.396321306714967,0.12361675520884974,0.0
78,0.8633196336103264,0.8807157441998941,0.0
79,0.23463381395018545,0.38250312236243267,0.0
80,0.4323160021634701,0.2917938196985369,0.0
81,0.7106548106967551,0.8666935160746589,0.0
82,0.87955230950225,0.4763169201655115,0.0
83,0.959254796124875,0.1736826935968937,0.0
84,0.9736825617486279,0.024116818170981658,0.0
85,0.49734974569625046,0.2271528412443381,0.0
86,0.974302138794116,0.5428435552360991,0.0
87,0.6377885493634979,0.9679746590124481,0.0
88,0.645018103039208,0.23793382671539343,0.0
89,0.5858822668295782,0.0617146173985349,0.0
90,0.06004982025839012,0.5869566568667676,0.0
91,0.15088511326650178,0.4856734561880074,0.0
92,0.589160614485862,0.34696148517022507,0.0
93,0.5593152342716323,0.9728383748523342,0.0
94,0.35698593229870224,0.867907727923251,0.0
95,0.5668251642945481,0.8155119171823482,0.0
96,0.36478243859891424,0.4352680620282522,0.0
97,0.5963310008256663,0.2230794737162577,0.0
98,0.48681156140226967,0.36199174821798186,0.0
99,0.6022703090968257,0.0175848030140886,0.0
100,0.884708247539177,0.46539612243048956,0.0
101,0.5870120789908261,0.5716464276062475,0.0
102,0.5391655208810396,0.5207139019340151,0.0
103,0.3528696408272235,0.8183564557628467,0.0
104,0.16209525502767186,0.04218347137413403,0.0
105,0.9154208632145153,0.9923611569877057,1.0
106,0.19692506872946225,0.10428288280959608,0.0
107,0.6130636028585693,0.9253230053244904,0.0
108,0.857773928303437,0.03855289291185837,0.0
109,0.3161827036647772,0.14220205965383337,0.0
110,0.9796173764353887,0.3861751114158076,0.0
111,0.1766209664122249,0.09832244629702158,1.0
112,0.4031527898553482,0.5665633751798382,0.0
113,0.7215631834749601,0.5622875599876521,0.0
114,0.26067132156097317,0.519166827838583,0.0
115,0.3500635297073621,0.5903568269060006,0.0
116,0.6593227079694876,0.742131561578046,0.0
117,0.7898835917529853,0.9918648251252625,0.0
118,0.16016114812553828,0.4493278008322833,0.0
119,0.1309934742797494,0.24579010191880613,0.0
120,0.8235510949039683,0.1189977121186444,0.0
121,0.7275562754598589,0.5387351065859309,0.0
122,0.22617345401028643,0.8214271669862723,0.0
123,0.6052568664648434,0.8530735398610011,0.0
124,0.45945712638493774,0.9630516558481981,0.0
125,0.2624448925535241,0.11482260283905665,1.0
126,0.3439167171703439,0.7200038728203781,0.0
127,0.8807262525511165,0.07150895602803642,0.0
128,0.3422908551846259,0.7364710697690993,1.0
129,0.9971323829104459,0.9049517163776073,0.0
130,0.8032599148231123,0.28894713246549897,0.0
131,0.9055303228558964,0.28939727503659407,0.0
132,0.8509687303372442,0.9095088053393628,0.0
133,0.1102810600342472,0.8005154797733516,1.0
134,0.4805708401749469,0.679667396554539,0.0
135,0.9737101830158863,0.9994613026731322,0.0
136,0.44463914777033176,0.6672586462590578,0.0
137,0.6406316013781709,0.5836711369932022,0.0
138,0.9254255992514078,0.9859494847859376,0.0
139,0.23000292243180276,0.5412919583665105,0.0
140,0.7794329731731631,0.2601852500879911,0.0
141,0.518942633943184,0.11915338711110779,0.0
142,0.6527109349300545,0.9664639082766716,0.0
143,0.5162250251360643,0.34624095554375356,0.0
144,0.3808277002115502,0.2829093274806922,0.0
145,0.5572788383165872,0.9744484527894682,0.0
146,0.9429637185026362,0.6953431813022467,0.0
147,0.1678652775557048,0.9839588074449513,0.0
148,0.01932482164121041,0.20321966847968875,0.0
149,0.5262931992786511,0.3337507785276973,0.0
150,0.6555187495437399,0.17640088605455173,0.0
151,0.48294376546873874,0.3301671788587446,0.0
152,0.22283745227315865,0.9450309720079639,0.0
153,0.15885192034116846,0.47180750833538243,0.0
154,0.6714770416266069,0.9299825187163561,0.0
155,0.14192838049705725,0.3181453522343325,0.0
156,0.9543327302055958,0.11128099184754581,0.0
157,0.6870027554509687,0.012600440689282788,0.0
158,0.038994483953623704,0.01923323142880118,0.0
159,0.07497790530698745,0.6245515094615526,0.0
160,0.04580200621766417,0.5301616583300199,0.0
161,0.010296989341139873,0.039359483011703,0.0
162,0.13831792381455998,0.6594063959856595,0.0
163,0.6228494160016211,0.7585636875608228,0.0
164,0.25916149327676374,0.9002311102074387,0.0
165,0.9900206952255882,0.13021504165254494,0.0
166,0.2927765599399318,0.3713213770377477,0.0
167,0.8161028176845022,0.3115000599115174,0.0
168,0.6346612748933248,0.19185519429826048,0.0
169,0.4061448271923441,0.18366022054082554,0.0
170,0.8528418973816329,0.8079928911169988,0.0
171,0.5045180494269871,0.6705128058961489,0.0
172,0.6929271244555958,0.9109236415194683,0.0
173,0.25895152625185314,0.9339992087669289,0.0
174,0.9855742693367852,0.7299945830811092,0.0
175,0.0775633348425383,0.8974196127003472,0.0
176,0.8146797066123105,0.29000838964776576,0.0
177,0.594611539285898,0.4226313274018584,0.0
178,0.47268552854054424,0.004500641252213167,0.0
179,0.5806344230218063,0.6537602562894063,0.0
180,0.9137392008954561,0.8006766751695438,0.0
181,0.3002265211915234,0.6486637241914233,0.0
182,0.7055352577355908,0.7194930244869314,0.0
183,0.41805657560214526,0.26756921757281105,0.0
184,0.7661330373263153,0.7794941252712022,0.0
185,0.9242138990487745,0.713580341721839,1.0
186,0.9173547562198188,0.7902220581640899,0.0
187,0.9078123608285451,0.9898640225804525,0.0
188,0.17396269623862215,0.08284144848578134,0.0
189,0.6795583425324856,0.2511273240722137,0.0
190,0.9328475974309409,0.5513844182831402,0.0
191,0.5332186099176781,0.7111289235436286,0.0
192,0.3849674255181659,0.7422675383154721,0.0
193,0.5904639780805334,0.7487720970913135,1.0
194,0.6231231469314937,0.5513985139957532,0.0
195,0.3734820086198073,0.615593161687014,0.0
196,0.37536365868790433,0.414413503573803,0.0
197,0.19480452726501785,0.584840909700449,0.0
198,0.481515234108821,0.3532202281724931,0.0
199,0.7532236907623171,0.6305830194059715,0.0
200,0.31894225696892364,0.781165666496715,0.0
201,0.15358957161775122,0.004556747015762919,0.0
202,0.6240401784089822,0.7409792160597207,0.0
203,0.8858457239248788,0.6786907533286687,0.0
204,0.8995196947593798,0.16807420211382829,0.0
205,0.7833721070811969,0.38436358424754535,0.0
206,0.15908001025980345,0.729742473288531,0.0
207,0.9474892129390011,0.3860513036928144,0.0
208,0.38494933675153165,0.5177114250664208,0.0
209,0.5837790791434496,0.9632732799283953,0.0
210,0.4058586544571544,0.6357458678093503,0.0
211,0.4860375749152337,0.4750940885502606,0.0
212,0.4984314473267786,0.1869055991909232,0.0
213,0.556907076963156,0.2581151150480294,0.0
214,0.2527075865275862,0.670242013499723,0.0
215,0.3631437360638484,0.7607048265931748,0.0
216,0.5407887544243882,0.611721994581721,0.0
217,0.8103001498661361,0.2569132808925192,1.0
218,0.7963923627818753,0.8629630142676867,0.0
219,0.6853305201447341,0.3502655561186675,0.0
220,0.2464854934609091,0.070661631732858,0.0
221,0.9895229598416639,0.23296807443833412,0.0
222,0.5284020943615748,0.36085463600494294,0.0
223,0.3702458126317384,0.8644958221704397,0.0
224,0.9720264282370294,0.02752972330970138,1.0
225,0.05570085855750806,0.9251296026941032,0.0
226,0.5649519710235746,0.6662358534324878,0.0
227,0.1690246912647645,0.04493516544085485,0.0
228,0.2178667733299754,0.29225221266113577,0.0
229,0.4955829919650403,0.19522613367651764,0.0
230,0.41723405281040127,0.6804806552755284,0.0
231,0.23445985689675353,0.799438228239286,0.0
232,0.3887536979592735,0.4723730400811792,0.0
233,0.7783392261669625,0.6743225638511489,0.0
234,0.7865973755172248,0.19792142015822822,0.0
235,0.29097028294661953,0.6798115294821739,0.0
236,0.5708211630836224,0.9148629373700309,0.0
237,0.7628761885716051,0.7332937238985513,0.0
238,0.22058610044506044,0.007598406680211833,0.0
239,0.2840780413918018,0.6973477905974755,0.0
240,0.06384717006310858,0.3150420211105598,0.0
241,0.48682412070026193,0.32258227114797644,0.0
242,0.867207838303416,0.5142760573328596,0.0
243,0.8611805614799716,0.556945755216251,0.0
244,0.9390444359204329,0.05756869271400089,0.0
245,0.8067677561850919,0.7221655327269563,0.0
246,0.5626059750263501,0.5098180764832703,1.0
247,0.7910318525413207,0.6118174744049828,1.0
248,0.0988294706064502,0.8473322107087514,0.0
249,0.9450173713093649,0.9725347138850932,0.0
250,0.9309891028029977,0.8263433781107411,0.0
251,0.7172455106131,0.2883554606294275,0.0
252,0.2982045403201795,0.9972861065878932,0.0
253,0.4800560754529215,0.8880407923237599,0.0
254,0.35461452493014234,0.45218147967597067,0.0
255,0.5917618951629222,0.8348358991383307,0.0
256,0.43750144743095243,0.7857625342463433,0.0
257,0.883290685213707,0.4791576538193262,0.0
258,0.21266987537134907,0.4120610594312808,0.0
259,0.662145391129595,0.8079733561779585,1.0
260,0.20388962637746766,0.5047313095178113,0.0
261,0.22367193919476558,0.9514693409490308,0.0
262,0.926795637731622,0.3627207236661596,0.0
263,0.5993993408862092,0.2901733487272117,0.0
264,0.17895014207106907,0.7068999064896333,1.0
265,0.8861706567362418,0.4528033454414985,0.0
266,0.06427622080779838,0.12239995051149255,0.0
267,0.19678156308971206,0.21255609650064178,0.0
268,0.3314602513023125,0.1309261332139916,0.0
269,0.45303152327207186,0.3156272747296308,0.0
270,0.49790235478715983,0.5936902666387837,0.0
271,0.2311969459096178,0.47203194615501065,0.0
272,0.7484627621120614,0.14868823578007384,1.0
273,0.8379017141017145,0.8436062605753513,0.0
274,0.4788538843836533,0.09459979828162168,0.0
275,0.2583535295199404,0.478889279776317,0.0
276,0.8942510249074611,0.7708010200060031,0.0
277,0.9930496968024296,0.6702601658943825,0.0
278,0.20310231696253256,0.49716999788984484,0.0
279,0.08368702764061486,0.9142502278077961,0.0
280,0.35371861792374315,0.8737937725685974,0.0
281,0.6070740120738445,0.9021474298851003,0.0
282,0.5265757494608663,0.10112080073154706,0.0
283,0.17195006970390125,0.7388883479923914,1.0
284,0.29014806413561767,0.5917304687779021,0.0
285,0.7789724888498134,0.6210363912563197,0.0
286,0.1633722972861038,0.8102378288288437,0.0
287,0.8438507745661752,0.36296239751208725,0.0
288,0.08548881333393366,0.08934192758283344,0.0
289,0.508266137665982,0.14281215609430653,0.0
290,0.7858678121613442,0.5360407832351487,0.0
291,0.8545242417211396,0.4469461767463263,0.0
292,0.6980404886262636,0.9080933349260926,0.0
293,0.5185730042963727,0.8019820888647047,0.0
294,0.5717481997238213,0.23578797946080876,0.0
295,0.16197198629105425,0.6135038635483029,0.0
296,0.06849863499895348,0.18594273480874057,0.0
297,0.31622400575039855,0.14022294282260528,0.0
298,0.8067504127762608,0.8081993485538904,0.0
299,0.042425582870204814,0.9000203541329891,0.0
300,0.30074726701369303,0.46442909838054514,0.0
301,0.6591441557036198,0.07049921554577598,1.0
302,0.5810658371267301,0.34415150202854394,0.0
303,0.8862473793982215,0.3312605645613912,0.0
304,0.8936122834054907,0.28034284600714243,0.0
305,0.02446994715052464,0.23865651387319098,0.0
306,0.2822062340300894,0.8308423596565697,0.0
307,0.3385769476081161,0.41772997843558857,1.0
308,0.0005816654749454253,0.8987608874729646,0.0
309,0.963542333150507,0.34623212180170915,0.0
310,0.44704737090477653,0.15724632379201287,0.0
311,0.5423387590491231,0.7174288109251904,0.0
312,0.6801517867943475,0.5373862636525473,0.0
313,0.2192504719863395,0.14686272654996801,0.0
314,0.3950132499810266,0.9957622206279386,1.0
315,0.652512444462959,0.3801807660976809,1.0
316,0.001901926232480089,0.3254502836356178,0.0
317,0.2295752297588597,0.9944847522652043,0.0
318,0.2546159057545446,0.2552457846385042,0.0
319,0.7042999321633836,0.03506103899593138,0.0
320,0.08215337153289215,0.13146698161795223,0.0
321,0.7850973374422998,0.03986090484983573,0.0
322,0.941994875960248,0.3382871155456604,0.0
323,0.144596367843151,0.2045660803881606,0.0
324,0.4690141145631913,0.8895996835340957,0.0
325,0.20941762312589418,0.23530497260152972,0.0
326,0.8777598126304242,0.38671526188019056,0.0
327,0.3843803894535053,0.9109473026097465,0.0
328,0.6501218085817074,0.6894567595557031,0.0
329,0.6451619421696999,0.3213040007590884,1.0
330,0.9223220269198145,0.15770684122482004,0.0
331,0.004238675198288133,0.5735400910002137,0.0
332,0.9573458197665551,0.5591082952472546,0.0
333,0.01523042251336848,0.791735277455967,0.0
334,0.8677311614885155,0.8758405304835843,1.0
335,0.15604681418352861,0.5218655904030475,0.0
336,0.8497776459155156,0.5422895151125291,0.0
337,0.17119889791532306,0.1558719522854235,0.0
338,0.6160390596339909,0.5642593974844036,0.0
339,0.42140888270590815,0.85374052330244,1.0
340,0.24965874406311883,0.7891372754005201,0.0
341,0.5513240159753697,0.42951625620009193,0.0
342,0.3848154778902326,0.6697062203626616,0.0
343,0.03956945583562754,0.5488476324321476,0.0
344,0.35041863901120607,0.484794009195033,0.0
345,0.529227779096695,0.2561853319194375,0.0
346,0.686647667449991,0.0739888738048472,0.0
347,0.5969517968942895,0.8685296899114636,0.0
348,0.7026456864755455,0.09975392334475053,0.0
349,0.30824278233188085,0.1708058401755843,0.0
350,0.2129199045154443,0.7374645148357264,0.0
351,0.008045867499971049,0.8878832331801817,0.0
352,0.32613743950128626,0.3825808572607353,0.0
353,0.5842784366239677,0.839035363194821,0.0
354,0.32817858904453046,0.7492773917356145,0.0
355,0.913856911930105,0.7959150103871989,0.0
356,0.5903756724003012,0.9225610278378498,0.0
357,0.7690897573716662,0.08086137794670523,0.0
358,0.10234710359343047,0.059204398974454064,0.0
359,0.09290064610199578,0.4602768367995941,0.0
360,0.9179664186726361,0.056867348061618306,0.0
361,0.4975502796444242,0.8539236725064118,0.0
362,0.25171671877940793,0.4313063122285916,0.0
363,0.8251442039875053,0.6958486734741407,0.0
364,0.46645162206005286,0.15200715359361916,0.0
365,0.5081957322565244,0.37870162703383525,0.0
366,0.8099257065555024,0.09968303988253913,0.0
367,0.23324263516064303,0.5731416342777207,0.0
368,0.9891137216542354,0.6345323022799073,0.0
369,0.2665599493526388,0.21248621036398496,0.0
370,0.8479451053664125,0.9645652132990872,0.0
371,0.9361030338149212,0.8647617996183323,0.0
372,0.007990223051758227,0.059676250347128645,0.0
373,0.31907249089450185,0.21624809587876304,0.0
374,0.2450641784216342,0.9071047312042011,0.0
375,0.0717998296914899,0.498616482569336,1.0
376,0.6453251162125468,0.7163995772061246,0.0
377,0.7377417668540948,0.3356132765248917,0.0
378,0.3117883680146649,0.6246833776385065,0.0
379,0.5133587446680558,0.786477184983032,0.0
380,0.8399155439499392,0.7601859932838575,0.0
381,0.8627979408947823,0.6693335391172686,0.0
382,0.279842854583936,0.3611946483165589,0.0
383,0.4371038480670022,0.8803637317263704,0.0
384,0.5688237396360994,0.5545429195895988,0.0
385,0.18715609178681503,0.5721987679253515,0.0
386,0.7181581883303653,0.23154473598953385,0.0
387,0.9018621301250394,0.020131764066441016,0.0
388,0.5819047250788124,0.24473629500163485,0.0
389,0.7568068294034694,0.5968534635545175,0.0
390,0.0856616784906935,0.8416739926680464,0.0
391,0.9816310850695719,0.0906926219674612,0.0
392,0.04413177857566364,0.7984824166002313,1.0
393,0.5364162053613247,0.9185802031952629,0.0
394,0.42826695049434305,0.8066632739150401,0.0
395,0.7533871351730537,0.11324958345954639,0.0
396,0.6861175639375304,0.999368650537193,0.0
397,0.6991991874919836,0.4599787237520123,0.0
398,0.049208086747578594,0.9903828356987409,0.0
399,0.49316919583903784,0.48648643090630894,0.0
400,0.4494847437509446,0.2500231869450329,0.0
401,0.36347515865274027,0.48404264114822027,0.0
402,0.9806393627585566,0.5108591197273131,0.0
403,0.37482161261319613,0.05915901491900022,0.0
404,0.570587968212278,0.9237531656821972,0.0
405,0.5589368253410492,0.19567845661394612,0.0
406,0.19322615233458718,0.2503724016868927,0.0
407,0.8142577700499565,0.7427208174483492,0.0
408,0.8150405149256652,0.5342148220089069,0.0
409,0.026250746633035504,0.4074628745556089,0.0
410,0.19670792099605572,0.2685701429499223,0.0
411,0.6270617176924655,0.8159577934433376,0.0
412,0.38331519062332453,0.6590808353674297,0.0
413,0.40006022752317394,0.022101164237579907,1.0
414,0.39849968652895973,0.4846836153750812,0.0
415,0.26645739956376546,0.8158388604276336,0.0
416,0.33811963296509073,0.2231342633863561,0.0
417,0.39901611227581824,0.5329750200383636,0.0
418,0.7771592105517451,0.4871142791592268,0.0
419,0.0793214625550952,0.24959346305676866,0.0
420,0.6390893408000798,0.2562565303354143,1.0
421,0.8280110057794723,0.48258468761477114,0.0
422,0.7834210175775949,0.3587590181233886,1.0
423,0.6785521737434732,0.9846790344395826,0.0
424,0.15073006337738815,0.7331408621774603,0.0
425,0.6298311229077665,0.2983629850179349,0.0
426,0.28729422864333487,0.8158312520622892,0.0
427,0.43414738355075666,0.5400948863221573,1.0
428,0.8062998876767156,0.5005082043876989,1.0
429,0.517672738495495,0.7183611935480907,0.0
430,0.7410789222589829,0.5122596430794051,0.0
431,0.5534301137758465,0.11257416438345269,0.0
432,0.6907911303538056,0.6709496414309651,1.0
433,0.6059153392843344,0.2845921989690965,0.0
434,0.7327540473827776,0.338375394885866,0.0
435,0.9724318447217584,0.26639575425287454,0.0
436,0.06393674172982367,0.27949656404576373,0.0
437,0.34839987450511845,0.6285728711819601,0.0
438,0.9182829620723355,0.7837812039190829,0.0
439,0.9148084135140154,0.7955626098301893,0.0
440,0.3503230088580106,0.0395676289328013,0.0
441,0.8513637881300584,0.15338870031657914,0.0
442,0.21847034546191602,0.48558143586682667,0.0
443,0.12039586462631713,0.8655691243972138,0.0
444,0.022830747637324622,0.5018863877145285,0.0
445,0.09030374680583375,0.5981578095902054,1.0
446,0.7323722162698909,0.07955573397421656,0.0
447,0.6716244000469982,0.982342438136197,0.0
448,0.2957181770410542,0.2327280302295307,0.0
449,0.24126369691936067,0.564147008095205,0.0
450,0.3540673313365097,0.5878260264321581,0.0
451,0.5999128559470881,0.8395294462166477,0.0
452,0.4505582347332706,0.3894973364178316,0.0
453,0.014424282434475133,0.19992627446868094,0.0
454,0.2396127400365402,0.27007321362023506,0.0
455,0.8461721015841432,0.09686933791173624,0.0
456,0.17635131408031335,0.2247949839704868,0.0
457,0.21798723892920102,0.5069211112070853,0.0
458,0.6147450477727497,0.8226748044746245,0.0
459,0.19715162115024576,0.07727882941773312,0.0
460,0.030670920584592976,0.21543089414501626,0.0
461,0.2284402955341046,0.6104076586290387,0.0
462,0.9470854560609537,0.14633084685971698,0.0
463,0.7037752586950506,0.14784676936407315,0.0
464,0.5905860864740923,0.10399534107190012,0.0
465,0.9337116017720609,0.1968262776276134,0.0
466,0.4254388396868892,0.23991685038398092,1.0
467,0.8796952392412293,0.5150636397328466,0.0
468,0.36134334118318756,0.6667701578940342,0.0
469,0.2306491596936866,0.7804487719993679,0.0
470,0.8596160753822855,0.4078053946618856,0.0
471,0.8119786944503927,0.09149918634000609,0.0
472,0.2529924589158714,0.6424422536512369,0.0
473,0.8500621006869302,0.876549777396931,0.0
474,0.3184158109149611,0.8535457063067214,0.0
475,0.2829251416313313,0.3180180643514521,0.0
476,0.11786822123059448,0.9371662741641138,0.0
477,0.1149458272287025,0.15701512844795606,1.0
478,0.6268528822378896,0.8378014368568795,0.0
479,0.5084094065923144,0.7288551753396937,0.0
480,0.8442149271352875,0.3361483305567977,0.0
481,0.13063520646169424,0.34326671240946516,0.0
482,0.040604138440537896,0.23270469553813122,0.0
483,0.9574607246057857,0.3843965585774062,0.0
484,0.0834036373840179,0.4273570353528964,0.0
485,0.7389959976892122,0.07258348805346482,0.0
486,0.761061860192259,0.5407375592912734,0.0
487,0.8347291619459553,0.33243565309831735,0.0
488,0.25401389817594633,0.21106606389441218,0.0
489,0.05176956084361595,0.8632148943805191,0.0
490,0.6150062318951864,0.8447638775213229,0.0
491,0.5858986040514931,0.056159749565552586,0.0
492,0.8244696892502055,0.2527305789065941,0.0
493,0.936340830751598,0.6671378490959142,0.0
494,0.34016560429538056,0.8313563693766717,1.0
495,0.31009361733443075,0.0092004836258065,0.0
496,0.9410633065199181,0.5893376452038266,0.0
497,0.014751800263221426,0.239468196297965,0.0
498,0.10521295006041465,0.48470994812246027,0.0
499,0.7186698366080553,0.58135797094103,0.0
500,0.8472718268499674,0.9578756298838056,0.0
501,0.6835650242361715,0.3109990784321258,0.0
502,0.06850345204506758,0.0817803327562363,0.0
503,0.4580367378919372,0.8813890301666927,0.0
504,0.5773376839261195,0.7242383426552753,0.0
505,0.9518859844360579,0.2721111267181553,0.0
506,0.16084892551823948,0.7438781899919812,0.0
507,0.9311091428760802,0.5359873477385724,1.0
508,0.2667233440061847,0.2607119898718334,0.0
509,0.8222702612055993,0.39271178947798724,0.0
510,0.37462349567714204,0.8123499761467746,0.0
511,0.13184617109874475,0.16412069628227643,0.0
512,0.605192695545755,0.4901106677018947,1.0
513,0.9868267962286293,0.20995881689925933,0.0
514,0.5035100397843268,0.11164972795434724,0.0
515,0.883814470715617,0.15022097178990024,0.0
516,0.8900465178215218,0.6499220361496607,1.0
517,0.42234953444560697,0.6779960243405364,1.0
518,0.737362466891505,0.8343907675679063,0.0
519,0.41354777229192674,0.8591980157917298,0.0
520,0.16979818341629094,0.08856927994797326,0.0
521,0.23367297591901015,0.7564717507336997,0.0
522,0.6419223361649418,0.5468916022045593,0.0
523,0.6544676741012208,0.6933627468385494,0.0
524,0.023220941081610547,0.9387228687392984,0.0
525,0.9832521983934097,0.9628438116750069,0.0
526,0.9318405184895394,0.8034050939657198,0.0
527,0.43047514978079326,0.24919259589359788,0.0
528,0.4747328628764108,0.28886036647658353,0.0
529,0.5146529597454962,0.541913697614888,0.0
530,0.47778923831382614,0.616452831347229,0.0
531,0.3727147940290384,0.43472951221785594,0.0
532,0.1283756647300781,0.920863007319239,0.0
533,0.7846343896320149,0.49477661033779796,0.0
534,0.7188221068063757,0.8612895869739956,0.0
535,0.05474599412622305,0.041430331219290295,0.0
536,0.06584818845744789,0.8947398309306174,0.0
537,0.24659295727654262,0.3541130687722043,0.0
538,0.21597323343572816,0.5688191605381469,0.0
539,0.12421444606263499,0.4473833198887661,0.0
540,0.0672923021748435,0.9854112974836531,0.0
541,0.04606856345126242,0.4142386640391157,0.0
542,0.08275402560750356,0.3338670590446152,0.0
543,0.28669641835984594,0.03906272280151302,0.0
544,0.27647031726223403,0.5893998301329137,0.0
545,0.479445398580146,0.650483830331478,0.0
546,0.7692615246445048,0.8117188033142748,0.0
547,0.1472718754621588,0.40327660550659483,0.0
548,0.4059536206300758,0.150683601302684,0.0
549,0.6169305080065959,0.6851188167943182,0.0
550,0.5787197834093902,0.5548972742671618,0.0
551,0.6140369948205703,0.9891675383194533,0.0
552,0.5290407117098208,0.5811878281953631,0.0
553,0.2941621078371873,0.8394678228618413,0.0
554,0.05928712840413075,0.6753195758359073,0.0
555,0.4478436854215372,0.14562555901783625,1.0
556,0.3819069995896688,0.052861233482112246,0.0
557,0.7776109716299077,0.24852866289350983,1.0
558,0.0742120322230777,0.12191119234386039,0.0
559,0.27740690376079014,0.6100587548467975,0.0
560,0.06020404841557636,0.06960441908280235,0.0
561,0.03600484192341802,0.432197227162625,0.0
562,0.9009028574152386,0.08505913167194601,0.0
563,0.6834222208485361,0.874188618493161,0.0
564,0.34663738274578004,0.3607764833872401,0.0
565,0.2788065807630856,0.8062043830194723,0.0
566,0.04870769564379962,0.14936631035574488,0.0
567,0.8926178548300315,0.8113441193244313,0.0
568,0.49201966681276565,0.5928573954340379,0.0
569,0.31009219510612474,0.6747379198139758,1.0
570,0.12946643292151916,0.11586772145992719,0.0
571,0.842634340181545,0.15426875903471438,0.0
572,0.8859775325540592,0.32380856362852595,0.0
573,0.7859480961300774,0.001344869020610262,0.0
574,0.3345683278688295,0.19717817037076657,0.0
575,0.48086612327974987,0.17002511718132796,0.0
576,0.6187253806941282,0.8771485538531709,0.0
577,0.05532684112671149,0.13959102920446198,0.0
578,0.144266107997023,0.31727485540900935,0.0
579,0.2933567598518567,0.0807049497864285,0.0
580,0.3800838810168604,0.3929346596259754,0.0
581,0.3641550980888264,0.7372898590347946,0.0
582,0.8300483890582879,0.7595644094988686,0.0
583,0.4289509930731249,0.15117123549006717,0.0
584,0.28182337561250026,0.9038806066834736,0.0
585,0.12958549898465954,0.44173201714903276,0.0
586,0.8438242773002953,0.7677864919597442,0.0
587,0.8839304893405061,0.34739418249185794,0.0
588,0.014969968233488062,0.391325480599771,0.0
589,0.6147190882211954,0.7398209588024188,0.0
590,0.9886307978498877,0.5867313529720788,0.0
591,0.11519701222271361,0.19138374322457785,0.0
592,0.6434511748754027,0.372509713285198,0.0
593,0.3536472814372893,0.8586048759787224,0.0
594,0.6044100701405128,0.8380461589560286,0.0
595,0.6817214913274449,0.35380384970138246,0.0
596,0.5919042327226786,0.8091471532189961,0.0
597,0.8282689714478401,0.4317225871814957,0.0
598,0.7631478202155958,0.4099184655436944,0.0
599,0.5981330683515415,0.35422567840657315,0.0
600,0.02344302760363859,0.9213812204349929,1.0
601,0.7028597420563086,0.8863794927810422,1.0
602,0.7731894957287736,0.933954119363214,0.0
603,0.8440042960560666,0.6934141544580814,0.0
604,0.967459870154385,0.8387429603348422,0.0
605,0.585881218009834,0.22596228174388644,0.0
606,0.009579120902530991,0.7382611475852011,0.0
607,0.3582365898567349,0.2808339096106066,0.0
608,0.5278604031146539,0.2788424919210575,0.0
609,0.8626084149998443,0.3135335925059972,0.0
610,0.6399147864507693,0.3607628929825136,0.0
611,0.0743023241108054,0.3760748349580323,0.0
612,0.8898390261066499,0.8486691000290518,0.0
613,0.9580251796918967,0.9294300138329252,0.0
614,0.21864353936146175,0.8406764599544233,0.0
615,0.3325516488439352,0.9309790651241536,0.0
616,0.8526575347433262,0.3757651517572451,1.0
617,0.0476137466030333,0.7388928182656995,1.0
618,0.6252166637601836,0.0611930460872655,0.0
619,0.6737085337155562,0.45691868638750255,0.0
620,0.30893581074477594,0.6679691276540038,0.0
621,0.14802622233959817,0.6566825013497027,0.0
622,0.6899996029409411,0.23860436550388742,0.0
623,0.17138852361944368,0.9572479450490308,0.0
624,0.5177259724521157,0.42826698185869005,0.0
625,0.7270302319728571,0.49898997711271376,0.0
626,0.7816533679219503,0.7010360548689781,0.0
627,0.26156757961678,0.8568726351745877,0.0
628,0.12964335835799912,0.14410496549676666,0.0
629,0.9464158915041783,0.8295159823343055,0.0
630,0.9687340871819483,0.3930101262995781,0.0
631,0.8146790156354771,0.9717250232935004,0.0
632,0.06831416162821535,0.6242141367645461,0.0
633,0.3292100586905039,0.5626796546756417,0.0
634,0.40785739469237736,0.9272784954764537,0.0
635,0.41545864245588404,0.9342650024267897,0.0
636,0.7490755364823914,0.6455990326353512,0.0
637,0.45739016916865805,0.6210765855427847,0.0
638,0.014032064165701241,0.7168402382995607,0.0
639,0.2915290889075729,0.9550616651399569,0.0
640,0.10976350414922276,0.6278743492312382,0.0
641,0.11751989487523984,0.6804638886813972,0.0
642,0.11430319941119527,0.4519994683336631,0.0
643,0.18700934270944192,0.07167813221573693,0.0
644,0.7258005578593384,0.7090891104896179,0.0
645,0.8736361179922798,0.09053057001636211,0.0
646,0.5136696761909842,0.1850329063869437,0.0
647,0.12173576979117928,0.9548786433555262,0.0
648,0.026587853020255015,0.15732391226863374,0.0
649,0.4809311422431253,0.22530897241956804,0.0
650,0.35593532140947926,0.9044495316544419,0.0
651,0.20844849096030627,0.9703378838000168,0.0
652,0.529823085205081,0.31230933925702176,0.0
653,0.04482491739547323,0.7636481484610927,0.0
654,0.9033915120713529,0.24141155172026196,0.0
655,0.3639747680972836,0.037229705102021726,0.0
656,0.06512383612448047,0.19993703713888789,0.0
657,0.355786822569113,0.13048710537386166,0.0
658,0.5003692087698822,0.9357716330177271,0.0
659,0.6047403240550198,0.9141845465580899,0.0
660,0.8637957242227423,0.7295729069147638,0.0
661,0.9406769391857421,0.7657650339238928,0.0
662,0.6125225160594437,0.538022249328621,0.0
663,0.5623177962939946,0.09266362150600171,0.0
664,0.15107138513213303,0.38800922370961066,0.0
665,0.9637866796924481,0.10189324943423417,0.0
666,0.03273772975630318,0.4658652045382208,0.0
667,0.7652234275512573,0.34668774802968405,0.0
668,0.17416128473043213,0.9754304512803746,0.0
669,0.7175338289292097,0.11446058056332153,0.0
670,0.20320764142125414,0.5271263640812577,0.0
671,0.838317557206157,0.31235725232035283,0.0
672,0.0830935211407614,0.7970599670538738,0.0
673,0.5534361022154468,0.21455854472282632,0.0
674,0.7286430385584938,0.449177597038638,1.0
675,0.2700025036269965,0.2663230774723132,0.0
676,0.638429345334535,0.5134425174170186,0.0
677,0.35962391733582555,0.9566204003219584,1.0
678,0.15337061259422102,0.3910162981685731,0.0
679,0.18307162613584826,0.122992544414952,0.0
680,0.8357673562181562,0.3882181257044566,0.0
681,0.8848753995658388,0.09595335953109252,0.0
682,0.8976275737148047,0.5608075595720207,0.0
683,0.43764439367928964,0.35760032765483374,0.0
684,0.5885158592746417,0.6861319080758013,0.0
685,0.9796322090957815,0.7327392096307285,0.0
686,0.8642007321468553,0.9526301427516798,0.0
687,0.14846279096755366,0.11194938871162907,0.0
688,0.062384208903860205,0.2879628027389797,0.0
689,0.16601296225714302,0.10018982551938871,0.0
690,0.6824754698479399,0.2920397937207073,0.0
691,0.43947918622879223,0.02238943993299991,0.0
692,0.6188485837534762,0.7707148571189512,0.0
693,0.2796283357624383,0.8812937176854359,0.0
694,0.8687148879641584,0.5241657285433823,0.0
695,0.9814191187710116,0.7272800506246051,0.0
696,0.7544968814044883,0.25389773822862916,0.0
697,0.6732181655223958,0.5023682623449405,0.0
698,0.6801368195619094,0.48314904675198456,0.0
699,0.7295199981900574,0.62141406798378,0.0
700,0.7552819460976236,0.12961401598411426,0.0
701,0.3805292518693978,0.0298717002477058,0.0
702,0.24950021126053512,0.1542945891004599,0.0
703,0.1469805275222451,0.04545035474919934,0.0
704,0.5874093369421591,0.9931218224976914,0.0
705,0.19629318075073376,0.7231140275199026,1.0
706,0.518806310966137,0.5823800065607991,0.0
707,0.22076532571185203,0.5618595107463713,1.0
708,0.03310860921435399,0.4937534548708731,1.0
709,0.8660015127642305,0.2583417148176722,0.0
710,0.47015810459175933,0.508204846569729,0.0
711,0.767100888735192,0.5011862921121377,0.0
712,0.22186580069563566,0.4609211172604776,1.0
713,0.11823069063813907,0.8876571388852807,0.0
714,0.7051024213845423,0.19061811881494328,0.0
715,0.8135243124921502,0.2598748623107371,0.0
716,0.6769047227448214,0.05915290181883803,0.0
717,0.43299749679669186,0.40027425199609434,0.0
718,0.5876615819250005,0.8759632014093515,1.0
719,0.0024353482157154493,0.8921721307795065,0.0
720,0.47359352777923436,0.9944102478083604,0.0
721,0.675766959261088,0.49918682108769363,0.0
722,0.68086181765751,0.6147499412129367,0.0
723,0.2679099689527936,0.5950705208692545,0.0
724,0.32387550130077947,0.027654051230332488,1.0
725,0.5234241601125769,0.4484113679758066,1.0
726,0.28625845833888397,0.5644046788075393,0.0
727,0.05298845332618418,0.890101008862135,0.0
728,0.04657337266133654,0.01298008794146055,0.0
729,0.031296027579515995,0.7023222124943371,0.0
730,0.8420356288994878,0.8522154592704523,0.0
731,0.7716473809081144,0.45745814235512416,0.0
732,0.01860620401159019,0.6336619530586268,0.0
733,0.38873607642458197,0.6250917746397459,0.0
734,0.9466962153921261,0.7109652721267273,0.0
735,0.6961137427319318,0.8615601908400384,0.0
736,0.24614199521439262,0.5940882143768597,0.0
737,0.6090352611602134,0.13743000543915485,0.0
738,0.854327583015775,0.38404274050764076,0.0
739,0.22341965241963857,0.10422035961989407,0.0
740,0.7998851534721161,0.5704357733780211,0.0
741,0.29450890293676046,0.9318268410472341,0.0
742,0.7819688953176432,0.7932516391908956,0.0
743,0.6764607204007922,0.7255617045694522,0.0
744,0.829551236292744,0.19837058754733872,0.0
745,0.09285520825106452,0.4177025039262263,0.0
746,0.3233730217383264,0.23565726769315454,0.0
747,0.6807694607453789,0.41612303227211567,0.0
748,0.5039405415117878,0.5975338832638312,0.0
749,0.4671567319376675,0.5763362946165919,0.0
750,0.6366840075869543,0.12896908462430967,0.0
751,0.4776091364203626,0.10578698144840082,0.0
752,0.7436659471183035,0.1974287461473404,0.0
753,0.6744057916639727,0.48357139346529554,0.0
754,0.719345739398356,0.353724306515657,0.0
755,0.4303448565738791,0.49770230926502246,0.0
756,0.6102753262004962,0.8119196655682203,0.0
757,0.8151892197571932,0.3810199598427576,0.0
758,0.3418827635234608,0.34792467451428066,0.0
759,0.1382528134549479,0.5386042173900677,0.0
760,0.6542713566913615,0.0857615379543204,0.0
761,0.9390239172393431,0.08132316073064849,0.0
762,0.9881809680242672,0.2986473943489244,0.0
763,0.5537970338001951,0.14610218935831232,0.0
764,0.8889467983661951,0.2453349036960497,0.0
765,0.8822272726161278,0.6191241542007972,0.0
766,0.5115303278305214,0.12203126011117993,0.0
767,0.6189739887268508,0.6444146402362905,0.0
768,0.7518797521051777,0.24244819958326436,0.0
769,0.2595452777381154,0.7638118469072475,0.0
770,0.818878484262195,0.021152213823544486,0.0
771,0.1441630833138089,0.5627699380942242,0.0
772,0.48620919314420386,0.5850891988231061,0.0
773,0.17790146198795298,0.5980834399104168,0.0
774,0.7511654826895757,0.7791234038500698,0.0
775,0.3447897946059184,0.49316129442044276,0.0
776,0.14423621341770876,0.9507479361355446,0.0
777,0.5582555386828741,0.7869854164603609,0.0
778,0.2538435501942219,0.11221701410663987,0.0
779,0.720240300172249,0.46551074265352044,0.0
780,0.6452455870173183,0.7144085370440534,1.0
781,0.543135293515174,0.39382612434318476,0.0
782,0.9993347667610216,0.16969447703452445,0.0
783,0.05417019789923816,0.6272018674752844,1.0
784,0.15036469441528455,0.8535073695401559,0.0
785,0.42607829048969215,0.247080540747467,0.0
786,0.9860965074094544,0.5844283759219282,0.0
787,0.2262666164140943,0.5321735644003635,1.0
788,0.05433218492044645,0.8960137716505054,0.0
789,0.7673307375021872,0.13982434750789163,0.0
790,0.9502490670117641,0.7428523398678943,0.0
791,0.24076392215049913,0.952441320172888,0.0
792,0.08959242450189397,0.29713483858464196,0.0
793,0.11847983958884001,0.32605649694665706,0.0
794,0.980302733502633,0.3396446297327106,0.0
795,0.2999257041200768,0.7251488305257147,0.0
796,0.3216454091234259,0.5968930538431275,0.0
797,0.3402633814045075,0.8907333207960653,0.0
798,0.3245012681856577,0.20822060780003793,0.0
799,0.02497046971778938,0.3146120188831877,0.0
800,0.07100012406659417,0.590441707987477,1.0
801,0.05665143390201577,0.7752650240099741,0.0
802,0.2967959631936974,0.5579990755250563,0.0
803,0.6849513019631729,0.7687378208953454,0.0
804,0.7975681552552284,0.5865811752428066,0.0
805,0.3314586936650973,0.5457487744947371,0.0
806,0.011998896747596577,0.7826568608025181,0.0
807,0.29137358115225576,0.8604602503517434,0.0
808,0.23340359981726688,0.2660430354383382,0.0
809,0.647498407939218,0.7286668637129387,0.0
810,0.12331297991402179,0.6135825653500759,0.0
811,0.08015665061532995,0.6363217513342379,0.0
812,0.9815570321229339,0.5503921908009786,0.0
813,0.4944723395610485,0.7870078613622086,0.0
814,0.30262977765122234,0.6290453115449343,0.0
815,0.39133200465781703,0.14104001784202524,0.0
816,0.6566023062346332,0.5195809983689241,0.0
817,0.3734501100973908,0.5976949111006463,0.0
818,0.5651060714326529,0.31981175457489297,0.0
819,0.2545610677927548,0.5988340530572794,0.0
820,0.10186457166147789,0.597882569609414,0.0
821,0.24365760224833544,0.3325981447255496,0.0
822,0.07514861097440217,0.4097643111577228,1.0
823,0.026491565174362686,0.5514314680823456,1.0
824,0.18785786013534123,0.9761317247153828,0.0
825,0.6578590754161487,0.542499280158917,0.0
826,0.18555797345316527,0.32769695688964384,0.0
827,0.7675179255129779,0.2881037803554901,0.0
828,0.25543126972589403,0.9918271883854826,0.0
829,0.49612209980929767,0.2262415602980663,1.0
830,0.9027912681595902,0.021331366371496463,0.0
831,0.9098433837707621,0.40070411192368605,0.0
832,0.970732861666197,0.6592455324461935,0.0
833,0.7569377076499745,0.4741607105735707,0.0
834,0.36632564067048456,0.6433736737638573,0.0
835,0.29947909778666226,0.2975720798212226,0.0
836,0.18862641339714048,0.790816534150769,0.0
837,0.1517258943387979,0.788103572874002,0.0
838,0.4228488602751187,0.6905616800153233,0.0
839,0.2550736422255815,0.07704883341003965,0.0
840,0.4145124208195321,0.25917606458127496,0.0
841,0.8506148158185871,0.8580224392948156,0.0
842,0.9052027730864899,0.7426472312109723,0.0
843,0.3921591273888444,0.20974389658129866,1.0
844,0.9462482930158082,0.38335467160510495,0.0
845,0.6683881145009364,0.18188471906183323,0.0
846,0.34756122037267667,0.8909458867376584,0.0
847,0.1694610054382254,0.28282020059521473,0.0
848,0.09759208155387522,0.19670419407268647,0.0
849,0.13194720091040624,0.027666787498976664,0.0
850,0.3646061712418728,0.8025951316985157,0.0
851,0.33329164462016103,0.40988754871329214,0.0
852,0.37935084090436066,0.776166938573128,0.0
853,0.4327344856456804,0.7667348539409798,0.0
854,0.3165389422590591,0.4924935384989837,0.0
855,0.19841890315742639,0.5415172709465736,0.0
856,0.47490904866268513,0.9188988292722047,0.0
857,0.41562279311640304,0.767593533334552,0.0
858,0.8078705308067556,0.15159363302308615,0.0
859,0.8758341318120124,0.7328146304842617,0.0
860,0.6358961400616159,0.06882088215733773,0.0
861,0.26915044819488254,0.7587495000305104,1.0
862,0.7192238993996448,0.9256892641221953,0.0
863,0.1597651542031705,0.9183010670786433,0.0
864,0.7958344667954251,0.7322590307580689,0.0
865,0.488521937168209,0.5054698913888744,0.0
866,0.3461946015223828,0.0953200418092024,0.0
867,0.5286448179234221,0.863482321339148,0.0
868,0.09285779393760729,0.2503080496527056,0.0
869,0.6695779543384196,0.0362762011287292,0.0
870,0.743068419060732,0.7030763115497806,0.0
871,0.9264055337538422,0.9621498415687727,0.0
872,0.9043802616218911,0.36870997154670504,0.0
873,0.8805742686912803,0.695990988353371,0.0
874,0.5407967801003433,0.17155044989227286,0.0
875,0.3229664311435001,0.8498968120044835,0.0
876,0.0017992811766389671,0.6619156680437003,0.0
877,0.7779105391179223,0.42047015082430306,0.0
878,0.7610340913340301,0.2281001785294019,0.0
879,0.8545065988732046,0.18799970402776967,0.0
880,0.42159147878840286,0.18208732714792175,1.0
881,0.9244127729288594,0.0472107388793751,0.0
882,0.4887611006476311,0.10891258701466555,0.0
883,0.3186562618395432,0.9345129157283462,0.0
884,0.5527350532259093,0.31910721341829507,0.0
885,0.5847083388506662,0.6927441991479777,0.0
886,0.660080226619232,0.8726470359069524,0.0
887,0.39457316781422425,0.5999418140021353,0.0
888,0.5778678039871173,0.7712446481134243,0.0
889,0.8406652004068467,0.6954645695934389,1.0
890,0.31207923322403175,0.5748277430006008,0.0
891,0.6771129980855863,0.48233500994069034,0.0
892,0.043405568017687246,0.18768809076322301,0.0
893,0.1180235842425581,0.9134407933407561,0.0
894,0.2668834523532172,0.37962392348495166,0.0
895,0.1502993102043244,0.6105592086785155,0.0
896,0.8565320423248408,0.003699030175831175,0.0
897,0.978618669660246,0.8633111387532908,0.0
898,0.7807386661272719,0.8477599885468924,0.0
899,0.36154470040226483,0.9461147199686447,0.0
900,0.28163111885556824,0.3758668116546088,0.0
901,0.4798221104896033,0.4075115231165082,0.0
902,0.026646039774497754,0.3128539535932884,0.0
903,0.44519618397497585,0.012961601350639396,0.0
904,0.6539221616339776,0.9603195651763758,0.0
905,0.2798754296423951,0.4013542885650365,0.0
906,0.06780999116148045,0.868796599943329,0.0
907,0.6661114718956914,0.2739547903022046,0.0
908,0.43394004202204284,0.5216273744477855,0.0
909,0.3697071504298961,0.20182888609577665,0.0
910,0.001054164775805222,0.9490440279310767,0.0
911,0.5680891489930568,0.5234337563315051,0.0
912,0.16033391232977767,0.21229790138405868,0.0
913,0.4775360556724134,0.8667712684125681,0.0
914,0.846660967245938,0.5744515507541811,1.0
915,0.961337592358212,0.29897365301223433,0.0
916,0.8369400031461759,0.7073110531225082,0.0
917,0.09901936540524814,0.21290052365827683,0.0
918,0.8270368153047387,0.7088564963858407,0.0
919,0.8078475975578535,0.6409563019750998,0.0
920,0.5508205949072832,0.8795588859104604,0.0
921,0.34446306998731646,0.37246510839649505,0.0
922,0.9837307960969803,0.6251482914400315,0.0
923,0.169703262057194,0.8833831261253662,0.0
924,0.7232914900358411,0.8737585383737221,0.0
925,0.14951587327165805,0.2944409419903523,0.0
926,0.7943056700968173,0.34605942290347924,0.0
927,0.6092924117753415,0.8577301649364067,1.0
928,0.885392789932638,0.07788913642781592,0.0
929,0.3040099208532643,0.4672633870597056,0.0
930,0.4973243943189005,0.3622003234058587,0.0
931,0.1460652577701116,0.14256031337994357,0.0
932,0.30921896672619253,0.4841732519947838,0.0
933,0.70858074036869,0.555493727388679,0.0
934,0.08192042328784055,0.9392411823964522,0.0
935,0.4249056109721623,0.004183876233250228,0.0
936,0.542615961978171,0.5194657559260492,0.0
937,0.8300523392202718,0.5231080674248093,0.0
938,0.33151718811199027,0.8071868192334569,0.0
939,0.17894850826650366,0.3197608592487725,1.0
940,0.6921030756875987,0.15949188022248317,0.0
941,0.31599163729030066,0.26287370911696006,0.0
942,0.2665379360125584,0.864721785701177,0.0
943,0.08569793867815423,0.5230291679224555,0.0
944,0.9813894780464104,0.6026986710401747,0.0
945,0.8669668940138912,0.7892673138712218,0.0
946,0.27509021006706247,0.34970619582673745,0.0
947,0.5795531420310965,0.8259589175649605,1.0
948,0.42042896834612453,0.6579806099853608,0.0
949,0.4065130375300702,0.8010782320948885,0.0
950,0.5187106360916993,0.7877044374238769,0.0
951,0.43231237942145007,0.4285525098434868,0.0
952,0.5482747797772138,0.7677205291271104,0.0
953,0.09947883454220896,0.6732764860945142,0.0
954,0.7904952842547733,0.2252878566245543,0.0
955,0.16301114099659786,0.608019288975664,0.0
956,0.637656247243839,0.7464510920081995,0.0
957,0.6364255079704573,0.012239555593657747,0.0
958,0.05782970371072682,0.39387537609896806,0.0
959,0.03693343054232001,0.7186925125536896,0.0
960,0.7626329909462947,0.7737427568863984,0.0
961,0.4864996050989796,0.8689973452242159,1.0
962,0.2716850746685574,0.8416680483026261,0.0
963,0.6609442642480421,0.7455725045540221,0.0
964,0.09925006714751372,0.7029088208455554,0.0
965,0.10257772492355477,0.3902286468348536,0.0
966,0.5975527232004872,0.9462525320587616,0.0
967,0.9912389231115676,0.5087476101055413,0.0
968,0.4308279108385915,0.23020741493176344,0.0
969,0.4891876445567138,0.22646079751165282,0.0
970,0.3167498398801394,0.33696266432439603,0.0
971,0.7197120703968205,0.9445475832989819,0.0
972,0.4110830578744732,0.7047552957608338,0.0
973,0.9617018936123276,0.7073737706000864,0.0
974,0.17689974587765855,0.24688132735243518,0.0
975,0.6358990013328003,0.3362981173190076,1.0
976,0.08831032398143768,0.0063686769073404426,1.0
977,0.9718492216180741,0.7102563263834991,0.0
978,0.36403126844677414,0.008420641511225457,0.0
979,0.7118951393134724,0.8138003732968496,0.0
980,0.030760602849230767,0.1798720413678928,0.0
981,0.49873292639182787,0.08917911612017071,0.0
982,0.43418128459655225,0.6044114404837612,0.0
983,0.5765526390481115,0.838867866526713,0.0
984,0.4429673667864156,0.6223687605701356,0.0
985,1.2142601576670131e-05,0.23848117707815897,0.0
986,0.8748745100702567,0.8622648102806958,0.0
987,0.17314844785767314,0.7565406725127275,0.0
988,0.02736230986153776,0.6855405773070875,0.0
989,0.5660502822535521,0.28606829356179575,1.0
990,0.33855326379947737,0.44552897574549377,0.0
991,0.4629795990288553,0.6901017094169727,1.0
992,0.7325209288993695,0.5707125115293002,0.0
993,0.36056016593707163,0.5232272775717587,0.0
994,0.8522148366399742,0.7031028106061551,0.0
995,0.3682357881242383,0.8389094493997691,0.0
996,0.8211913570776732,0.4462325874427753,0.0
997,0.8029705613094767,0.27913953072001174,0.0
998,0.2101420688014891,0.9044364762198633,0.0
999,0.8353157327509074,0.2246623666757338,0.0
